"--large-name9--","CreateJCloudsContainerOptions(String,String,String,String,int,int,Set<String>,int,int,String,boolean,boolean,String,Map<String,String>,String,String,String,boolean,String,Map<String,Properties>,int,URI,String,String,boolean,String,String,String,String,String,String,String,String,String,String,String,String,String,JCloudsInstanceType,String,String,String,Map<String,String>,Map<String,String>,int,String,Object,String)"
"--large-name11--","CreateJCloudsContainerOptions(String,String,String,String,int,int,Set<String>,int,int,String,boolean,boolean,String,Map<String,String>,String,String,String,boolean,String,Map<String,Properties>,int,URI,String,String,boolean,String,String,String,String,String,String,String,String,String,String,String,String,String,JCloudsInstanceType,String,String,String,Map<String,String>,Map<String,String>,int,String,Object,String,Map<String,String>)"
"--large-name21--","CreateSshContainerOptions(String,String,String,String,int,int,Set<String>,String,Map<String,String>,int,int,String,boolean,boolean,String,Map<String,String>,String,String,String,boolean,String,Map<String,Properties>,int,URI,String,String,boolean,String,String,String,int,int,int,String,String,String,Map<String,String>)"
"--large-name13--","CreateOpenshiftContainerOptions(String,String,String,String,int,int,Set<String>,int,int,String,boolean,boolean,String,Map<String,String>,String,String,String,boolean,String,Map<String,Properties>,Integer,URI,String,String,boolean,String,String,String,String,String,String,String,Map<String,String>)"
"--large-name44--","CreateDockerContainerOptions(String,String,String,String,int,int,Set<String>,String,Map<String,String>,int,int,String,boolean,boolean,boolean,long,boolean,String,Map<String,String>,String,String,String,boolean,String,Map<String,Properties>,Integer,URI,String,String,boolean,boolean,String,String[],String,String,String,String,Map<String,String>)"
"--large-name4--","CreateSshContainerOptions(String,String,String,String,int,int,Set<String>,int,String,boolean,boolean,String,Map<String,String>,String,String,String,boolean,String,Map<String,Properties>,URI,String,String,String,String,String,String,int,int,int,String,String,String)"
"--large-name20--","CreateJCloudsContainerOptions(String,String,String,String,int,int,Set<String>,String,Map<String,String>,int,int,String,boolean,boolean,String,Map<String,String>,String,String,String,boolean,String,Map<String,Properties>,int,URI,String,String,boolean,String,String,String,String,String,String,String,String,String,String,String,String,JCloudsInstanceType,String,String,String,Map<String,String>,Map<String,String>,int,String,Object,String,Map<String,String>)"
"--large-name14--","CreateJCloudsContainerOptions(String,String,String,String,int,int,Set<String>,String,int,int,String,boolean,boolean,String,Map<String,String>,String,String,String,boolean,String,Map<String,Properties>,int,URI,String,String,boolean,String,String,String,String,String,String,String,String,String,String,String,String,JCloudsInstanceType,String,String,String,Map<String,String>,Map<String,String>,int,String,Object,String,Map<String,String>)"
"--large-name10--","CreateSshContainerOptions(String,String,String,String,int,int,Set<String>,int,int,String,boolean,boolean,String,Map<String,String>,String,String,String,boolean,String,Map<String,Properties>,int,URI,String,String,boolean,String,String,String,String,int,int,int,String,String,String)"
"--large-name43--","CreateSshContainerOptions(String,String,String,String,int,int,Set<String>,String,Map<String,String>,int,int,String,boolean,boolean,boolean,String,Map<String,String>,String,String,String,boolean,String,Map<String,Properties>,int,URI,String,String,boolean,boolean,String,String,String,int,int,int,String,String,String,Map<String,String>)"
"--large-name18--","CreateChildContainerOptions(String,String,String,String,int,int,Set<String>,String,Map<String,String>,int,int,String,boolean,boolean,String,Map<String,String>,String,String,String,boolean,String,Map<String,Properties>,int,URI,String,String,String,String)"
"--large-name17--","CreateOpenshiftContainerOptions(String,String,String,String,int,int,Set<String>,String,int,int,String,boolean,boolean,String,Map<String,String>,String,String,String,boolean,String,Map<String,Properties>,Integer,URI,String,String,boolean,String,String,String,String,String,Map<String,String>)"
"--large-name52--","CreateJCloudsContainerOptions(String,String,String,String,int,int,Set<String>,String,Map<String,String>,int,int,String,boolean,boolean,boolean,String,Map<String,String>,String,String,String,boolean,String,Map<String,Properties>,int,URI,String,String,boolean,boolean,String,String,String,String,String,String,String,String,String,String,String,String,JCloudsInstanceType,String,String,String,Map<String,String>,Map<String,String>,int,String,ComputeService,String,Map<String,String>,List<String>,Boolean)"
"--large-name24--","CreateContainerBasicOptions(String,String,String,String,int,int,Set<String>,String,Map<String,String>,int,int,String,boolean,boolean,String,Map<String,String>,String,String,String,boolean,String,Map<String,Properties>,Integer,URI,String,String,boolean,CreationStateListener)"
"--large-name38--","CreateOpenshiftContainerOptions(String,String,String,String,int,int,Set<String>,String,Map<String,String>,int,int,String,boolean,boolean,boolean,String,Map<String,String>,String,String,String,boolean,String,Map<String,Properties>,Integer,URI,String,String,boolean,String,String,String,String,String,Map<String,String>)"
"--large-name37--","CreateSshContainerOptions(String,String,String,String,int,int,Set<String>,String,Map<String,String>,int,int,String,boolean,boolean,boolean,String,Map<String,String>,String,String,String,boolean,String,Map<String,Properties>,int,URI,String,String,boolean,String,String,String,int,int,int,String,String,String,Map<String,String>)"
"--large-name23--","CreateChildContainerOptions(String,String,String,String,int,int,Set<String>,String,Map<String,String>,int,int,String,boolean,boolean,String,Map<String,String>,String,String,String,boolean,String,Map<String,Properties>,int,URI,String,String,CreationStateListener,String,String)"
"--large-name19--","CreateContainerBasicOptions(String,String,String,String,int,int,Set<String>,String,Map<String,String>,int,int,String,boolean,boolean,String,Map<String,String>,String,String,String,boolean,String,Map<String,Properties>,Integer,URI,String,String,boolean)"
"--large-name7--","CreateJCloudsContainerOptions(String,String,String,String,int,int,Set<String>,int,String,boolean,boolean,String,Map<String,String>,String,String,String,boolean,String,Map<String,Properties>,int,URI,String,String,boolean,String,String,String,String,String,String,String,String,String,String,String,String,String,JCloudsInstanceType,String,String,String,Map<String,String>,Map<String,String>,int,String,Object,String)"
"--large-name51--","CreateOpenshiftContainerOptions(String,String,String,String,int,int,Set<String>,String,Map<String,String>,int,int,String,boolean,boolean,boolean,String,Map<String,String>,String,String,String,boolean,String,Map<String,Properties>,Integer,URI,String,String,boolean,boolean,String,String,String,String,String,Map<String,String>,List<String>)"
"--large-name54--","ImmutableContainerImpl(String,String,Container,Profile,FabricService,boolean,boolean,boolean,boolean,boolean,String,String,String,String,String,String,Version,Long,Profile[],String,String,String,String,String,String,String,String,String,int,int,Container[],List<String>,boolean,boolean,String,String,List<String>,Properties,String,Map<String,String>,CreateContainerMetadata)"
"--large-name28--","CreateJCloudsContainerOptions(String,String,String,String,int,int,Set<String>,String,Map<String,String>,int,int,String,boolean,boolean,String,Map<String,String>,String,String,String,boolean,String,Map<String,Properties>,int,URI,String,String,boolean,CreationStateListener,String,String,String,String,String,String,String,String,String,String,String,String,JCloudsInstanceType,String,String,String,Map<String,String>,Map<String,String>,int,String,ComputeService,String,Map<String,String>)"
"--large-name46--","CreateDockerContainerOptions(String,String,String,String,int,int,Set<String>,String,Map<String,String>,int,int,String,boolean,boolean,boolean,long,boolean,String,Map<String,String>,String,String,String,boolean,String,Map<String,Properties>,Integer,URI,String,String,boolean,boolean,String,String[],String,String,String,String,Map<String,String>,Map<String,Integer>,Map<String,Integer>)"
"--large-name39--","CreateContainerBasicOptions(String,String,String,String,int,int,Set<String>,String,Map<String,String>,int,int,String,boolean,boolean,boolean,long,boolean,String,Map<String,String>,String,String,String,boolean,String,Map<String,Properties>,Integer,URI,String,String,boolean)"
"--large-name47--","CreateDockerContainerOptions(String,String,String,String,int,int,Set<String>,String,Map<String,String>,int,int,String,boolean,boolean,boolean,long,boolean,String,Map<String,String>,String,String,String,boolean,String,Map<String,Properties>,Integer,URI,String,String,boolean,boolean,String,List<String>,String,String,String,String,Map<String,String>,Map<String,Integer>,Map<String,Integer>)"
"--large-name32--","CreateSshContainerOptions(String,String,String,String,int,int,Set<String>,String,Map<String,String>,int,int,String,boolean,boolean,boolean,String,Map<String,String>,String,String,String,boolean,String,Map<String,Properties>,int,URI,String,String,boolean,CreationStateListener,String,String,String,int,int,int,String,String,String,Map<String,String>)"
"--large-name33--","CreateOpenshiftContainerOptions(String,String,String,String,int,int,Set<String>,String,Map<String,String>,int,int,String,boolean,boolean,boolean,String,Map<String,String>,String,String,String,boolean,String,Map<String,Properties>,Integer,URI,String,String,boolean,CreationStateListener,String,String,String,String,String,Map<String,String>)"
"--large-name48--","CreateJCloudsContainerOptions(String,String,String,String,int,int,Set<String>,String,Map<String,String>,int,int,String,boolean,boolean,boolean,String,Map<String,String>,String,String,String,boolean,String,Map<String,Properties>,int,URI,String,String,boolean,boolean,String,String,String,String,String,String,String,String,String,String,String,String,JCloudsInstanceType,String,String,String,Map<String,String>,Map<String,String>,int,String,ComputeService,String,Map<String,String>,List<String>)"
"--large-name8--","CreateSshContainerOptions(String,String,String,String,int,int,Set<String>,int,String,boolean,boolean,String,Map<String,String>,String,String,String,boolean,String,Map<String,Properties>,int,URI,String,String,boolean,String,String,String,String,int,int,int,String,String,String)"
"--large-name45--","CreateOpenshiftContainerOptions(String,String,String,String,int,int,Set<String>,String,Map<String,String>,int,int,String,boolean,boolean,boolean,String,Map<String,String>,String,String,String,boolean,String,Map<String,Properties>,Integer,URI,String,String,boolean,boolean,String,String,String,String,String,Map<String,String>)"
"--large-name12--","CreateSshContainerOptions(String,String,String,String,int,int,Set<String>,int,int,String,boolean,boolean,String,Map<String,String>,String,String,String,boolean,String,Map<String,Properties>,int,URI,String,String,boolean,String,String,String,String,int,int,int,String,String,String,Map<String,String>)"
"--large-name6--","CreateSshContainerOptions(String,String,String,String,int,int,Set<String>,int,String,boolean,boolean,String,Map<String,String>,String,String,String,boolean,String,Map<String,Properties>,int,URI,String,String,String,String,String,String,int,int,int,String,String,String)"
"--large-name55--","CreateKubernetesContainerOptions(String,String,String,String,int,int,Set<String>,String,Map<String,String>,int,int,String,boolean,boolean,boolean,long,boolean,String,Map<String,String>,String,String,String,boolean,String,Map<String,Properties>,Integer,URI,String,String,boolean,boolean,String,List<String>,String,String,String,String,Map<String,String>,Map<String,Integer>,Map<String,Integer>,List<String>)"
"--large-name25--","CreateJCloudsContainerOptions(String,String,String,String,int,int,Set<String>,String,Map<String,String>,int,int,String,boolean,boolean,String,Map<String,String>,String,String,String,boolean,String,Map<String,Properties>,int,URI,String,String,boolean,CreationStateListener,String,String,String,String,String,String,String,String,String,String,String,String,JCloudsInstanceType,String,String,String,Map<String,String>,Map<String,String>,int,String,Object,String,Map<String,String>)"
"--large-name36--","CreateJCloudsContainerOptions(String,String,String,String,int,int,Set<String>,String,Map<String,String>,int,int,String,boolean,boolean,boolean,String,Map<String,String>,String,String,String,boolean,String,Map<String,Properties>,int,URI,String,String,boolean,String,String,String,String,String,String,String,String,String,String,String,String,JCloudsInstanceType,String,String,String,Map<String,String>,Map<String,String>,int,String,ComputeService,String,Map<String,String>)"
"--large-name3--","CreateJCloudsContainerOptions(String,String,String,String,int,int,Set<String>,int,String,boolean,boolean,String,Map<String,String>,String,String,String,boolean,String,Map<String,Properties>,URI,String,String,String,String,String,String,String,String,String,String,String,String,String,String,String,JCloudsInstanceType,String,String,String,Map<String,String>,Map<String,String>,int,String,Object,String)"
"--large-name34--","CreateChildContainerOptions(String,String,String,String,int,int,Set<String>,String,Map<String,String>,int,int,String,boolean,boolean,boolean,String,Map<String,String>,String,String,String,boolean,String,Map<String,Properties>,int,URI,String,String,String,String)"
"--large-name41--","CreateContainerBasicOptions(String,String,String,String,int,int,Set<String>,String,Map<String,String>,int,int,String,boolean,boolean,boolean,long,boolean,String,Map<String,String>,String,String,String,boolean,String,Map<String,Properties>,Integer,URI,String,String,boolean,boolean)"
"--large-name49--","CreateSshContainerOptions(String,String,String,String,int,int,Set<String>,String,Map<String,String>,int,int,String,boolean,boolean,boolean,String,Map<String,String>,String,String,String,boolean,String,Map<String,Properties>,int,URI,String,String,boolean,boolean,String,String,String,int,int,int,String,String,String,Map<String,String>,List<String>)"
"--large-name42--","CreateJCloudsContainerOptions(String,String,String,String,int,int,Set<String>,String,Map<String,String>,int,int,String,boolean,boolean,boolean,String,Map<String,String>,String,String,String,boolean,String,Map<String,Properties>,int,URI,String,String,boolean,boolean,String,String,String,String,String,String,String,String,String,String,String,String,JCloudsInstanceType,String,String,String,Map<String,String>,Map<String,String>,int,String,ComputeService,String,Map<String,String>)"
"--large-name40--","CreateDockerContainerOptions(String,String,String,String,int,int,Set<String>,String,Map<String,String>,int,int,String,boolean,boolean,boolean,long,boolean,String,Map<String,String>,String,String,String,boolean,String,Map<String,Properties>,Integer,URI,String,String,boolean,String,String[],String,String,String,String,Map<String,String>)"
"--large-name31--","CreateJCloudsContainerOptions(String,String,String,String,int,int,Set<String>,String,Map<String,String>,int,int,String,boolean,boolean,boolean,String,Map<String,String>,String,String,String,boolean,String,Map<String,Properties>,int,URI,String,String,boolean,CreationStateListener,String,String,String,String,String,String,String,String,String,String,String,String,JCloudsInstanceType,String,String,String,Map<String,String>,Map<String,String>,int,String,ComputeService,String,Map<String,String>)"
"--large-name50--","CreateDockerContainerOptions(String,String,String,String,int,int,Set<String>,String,Map<String,String>,int,int,String,boolean,boolean,boolean,long,boolean,String,Map<String,String>,String,String,String,boolean,String,Map<String,Properties>,Integer,URI,String,String,boolean,boolean,String,List<String>,String,String,String,String,Map<String,String>,Map<String,Integer>,Map<String,Integer>,List<String>)"
"--large-name16--","CreateOpenshiftContainerOptions(String,String,String,String,int,int,Set<String>,String,int,int,String,boolean,boolean,String,Map<String,String>,String,String,String,boolean,String,Map<String,Properties>,Integer,URI,String,String,boolean,String,String,String,String,String,String,Map<String,String>)"
"--large-name53--","CreateSshContainerOptions(String,String,String,String,int,int,Set<String>,String,Map<String,String>,int,int,String,boolean,boolean,boolean,String,Map<String,String>,String,String,String,boolean,String,Map<String,Properties>,int,URI,String,String,boolean,boolean,String,String,String,int,int,int,String,String,String,Map<String,String>,List<String>,Boolean)"
"--large-name27--","CreateOpenshiftContainerOptions(String,String,String,String,int,int,Set<String>,String,Map<String,String>,int,int,String,boolean,boolean,String,Map<String,String>,String,String,String,boolean,String,Map<String,Properties>,Integer,URI,String,String,boolean,CreationStateListener,String,String,String,String,String,Map<String,String>)"
"--large-name15--","CreateSshContainerOptions(String,String,String,String,int,int,Set<String>,String,int,int,String,boolean,boolean,String,Map<String,String>,String,String,String,boolean,String,Map<String,Properties>,int,URI,String,String,boolean,String,String,String,int,int,int,String,String,String,Map<String,String>)"
"--large-name2--","CreateSshContainerOptions(String,String,String,String,int,int,List<String>,int,String,boolean,boolean,String,Map<String,String>,String,String,String,boolean,String,Map<String,Properties>,URI,String,String,String,String,String,String,int,int,int,String,String,String)"
"--large-name26--","CreateSshContainerOptions(String,String,String,String,int,int,Set<String>,String,Map<String,String>,int,int,String,boolean,boolean,String,Map<String,String>,String,String,String,boolean,String,Map<String,Properties>,int,URI,String,String,boolean,CreationStateListener,String,String,String,int,int,int,String,String,String,Map<String,String>)"
"--large-name30--","CreateContainerBasicOptions(String,String,String,String,int,int,Set<String>,String,Map<String,String>,int,int,String,boolean,boolean,boolean,String,Map<String,String>,String,String,String,boolean,String,Map<String,Properties>,Integer,URI,String,String,boolean,CreationStateListener)"
"--large-name1--","CreateJCloudsContainerOptions(String,String,String,String,int,int,List<String>,int,String,boolean,boolean,String,Map<String,String>,String,String,String,boolean,String,Map<String,Properties>,URI,String,String,String,String,String,String,String,String,String,String,String,String,String,String,String,JCloudsInstanceType,String,String,String,Map<String,String>,Map<String,String>,int,String,Object,String)"
"--large-name29--","CreateChildContainerOptions(String,String,String,String,int,int,Set<String>,String,Map<String,String>,int,int,String,boolean,boolean,boolean,String,Map<String,String>,String,String,String,boolean,String,Map<String,Properties>,int,URI,String,String,CreationStateListener,String,String)"
"--large-name22--","CreateOpenshiftContainerOptions(String,String,String,String,int,int,Set<String>,String,Map<String,String>,int,int,String,boolean,boolean,String,Map<String,String>,String,String,String,boolean,String,Map<String,Properties>,Integer,URI,String,String,boolean,String,String,String,String,String,Map<String,String>)"
"--large-name35--","CreateContainerBasicOptions(String,String,String,String,int,int,Set<String>,String,Map<String,String>,int,int,String,boolean,boolean,boolean,String,Map<String,String>,String,String,String,boolean,String,Map<String,Properties>,Integer,URI,String,String,boolean)"
"--large-name5--","CreateJCloudsContainerOptions(String,String,String,String,int,int,Set<String>,int,String,boolean,boolean,String,Map<String,String>,String,String,String,boolean,String,Map<String,Properties>,int,URI,String,String,String,String,String,String,String,String,String,String,String,String,String,String,String,JCloudsInstanceType,String,String,String,Map<String,String>,Map<String,String>,int,String,Object,String)"